{
  "hash": "9dc37965",
  "configHash": "eea94d68",
  "lockfileHash": "8c6828d8",
  "browserHash": "1ece0d82",
  "optimized": {
    "@angular/core": {
      "src": "../../../../../../node_modules/@angular/core/fesm2022/core.mjs",
      "file": "@angular_core.js",
      "fileHash": "41e9283b",
      "needsInterop": false
    },
    "@angular/platform-browser": {
      "src": "../../../../../../node_modules/@angular/platform-browser/fesm2022/platform-browser.mjs",
      "file": "@angular_platform-browser.js",
      "fileHash": "9a913921",
      "needsInterop": false
    },
    "@angular/router": {
      "src": "../../../../../../node_modules/@angular/router/fesm2022/router.mjs",
      "file": "@angular_router.js",
      "fileHash": "926de305",
      "needsInterop": false
    }
  },
  "chunks": {
    "chunk-XIFSGALC": {
      "file": "chunk-XIFSGALC.js"
    },
    "chunk-Q3WVEZNI": {
      "file": "chunk-Q3WVEZNI.js"
    }
  }
}