{
  "contatos": [
    {
      "id": "1",
      "nome": "Maria",
      "email": "maria@gmail.com",
      "fone": "(47) 9090-8070"
    },
    {
      "id": "2",
      "nome": "José",
      "email": "José@gmail.com",
      "fone": "(47) 9080-2070"
    },
    {
      "id": "4dfe",
      "nome": "teste",
      "email": "teste@gmail.com",
      "fone": "123"
    },
    {
      "id": "2b1e",
      "nome": "teste",
      "email": "teste@gmail.com",
      "fone": "123"
    },
    {
      "id": "3e7b",
      "nome": "teste",
      "email": "teste@gmail.com",
      "fone": "123"
    },
    {
      "id": "433e",
      "nome": "",
      "email": "",
      "fone": ""
    },
    {
      "id": "d8a0",
      "nome": "",
      "email": "",
      "fone": ""
    },
    {
      "id": "a122",
      "nome": "teste",
      "email": "teste@gmail.com",
      "fone": "123"
    },
    {
      "id": "01bf",
      "nome": "asdf",
      "email": "teste@gmail.com",
      "fone": "123"
    },
    {
      "id": "8daa",
      "nome": "andre",
      "email": "asdf@gmal.com'",
      "fone": "123456"
    },
    {
      "id": "b1b2",
      "nome": "",
      "email": "",
      "fone": ""
    },
    {
      "id": "caed",
      "nome": "asdf",
      "email": "",
      "fone": ""
    },
    {
      "id": "93a1",
      "nome": "asdf",
      "email": "",
      "fone": ""
    },
    {
      "id": "f26e",
      "nome": "andre",
      "email": "andre@gmail.com",
      "fone": "123"
    }
  ]
}