{
  "hash": "160f7ddb",
  "configHash": "b19630db",
  "lockfileHash": "75405a09",
  "browserHash": "a0895ae0",
  "optimized": {
    "@angular/core": {
      "src": "../../../../../../node_modules/@angular/core/fesm2022/core.mjs",
      "file": "@angular_core.js",
      "fileHash": "be5f2dbc",
      "needsInterop": false
    },
    "@angular/platform-browser": {
      "src": "../../../../../../node_modules/@angular/platform-browser/fesm2022/platform-browser.mjs",
      "file": "@angular_platform-browser.js",
      "fileHash": "e810bb05",
      "needsInterop": false
    },
    "@angular/router": {
      "src": "../../../../../../node_modules/@angular/router/fesm2022/router.mjs",
      "file": "@angular_router.js",
      "fileHash": "d487264e",
      "needsInterop": false
    },
    "@angular/common": {
      "src": "../../../../../../node_modules/@angular/common/fesm2022/common.mjs",
      "file": "@angular_common.js",
      "fileHash": "8a5fa0ba",
      "needsInterop": false
    },
    "@angular/forms": {
      "src": "../../../../../../node_modules/@angular/forms/fesm2022/forms.mjs",
      "file": "@angular_forms.js",
      "fileHash": "7af60715",
      "needsInterop": false
    }
  },
  "chunks": {
    "chunk-CR3RVSSB": {
      "file": "chunk-CR3RVSSB.js"
    },
    "chunk-6OORFGZS": {
      "file": "chunk-6OORFGZS.js"
    },
    "chunk-KQVTM4CV": {
      "file": "chunk-KQVTM4CV.js"
    }
  }
}