{
  "hash": "555117ff",
  "configHash": "95820675",
  "lockfileHash": "68224ddb",
  "browserHash": "cb9b76ac",
  "optimized": {
    "@angular/core": {
      "src": "../../../../../../node_modules/@angular/core/fesm2022/core.mjs",
      "file": "@angular_core.js",
      "fileHash": "f28ee4e1",
      "needsInterop": false
    },
    "@angular/forms": {
      "src": "../../../../../../node_modules/@angular/forms/fesm2022/forms.mjs",
      "file": "@angular_forms.js",
      "fileHash": "122419c2",
      "needsInterop": false
    },
    "@angular/platform-browser": {
      "src": "../../../../../../node_modules/@angular/platform-browser/fesm2022/platform-browser.mjs",
      "file": "@angular_platform-browser.js",
      "fileHash": "9d208c82",
      "needsInterop": false
    },
    "@angular/router": {
      "src": "../../../../../../node_modules/@angular/router/fesm2022/router.mjs",
      "file": "@angular_router.js",
      "fileHash": "2fc5e141",
      "needsInterop": false
    },
    "@angular/common": {
      "src": "../../../../../../node_modules/@angular/common/fesm2022/common.mjs",
      "file": "@angular_common.js",
      "fileHash": "760f0089",
      "needsInterop": false
    }
  },
  "chunks": {
    "chunk-4AEWPDFT": {
      "file": "chunk-4AEWPDFT.js"
    },
    "chunk-P6CCRDKW": {
      "file": "chunk-P6CCRDKW.js"
    },
    "chunk-LEOBE6CO": {
      "file": "chunk-LEOBE6CO.js"
    }
  }
}